Symbol,Streak,First_Seen,Last_Seen
LINDEINDIA,2,2026-08-12,2026-10-07
ORKLAINDIA,2,2026-08-05,2026-10-07
GUFICBIO,2,2026-06-01,2026-10-07
HFCL,2,2026-05-01,2026-10-07
COMSYN,2,2026-08-10,2026-10-07
SIKA,2,2026-08-17,2026-10-07
GANDHITUBE,2,2026-08-13,2026-10-07
HOMEFIRST,2,2026-03-15,2026-10-07
CRAMC,2,2026-07-22,2026-10-07
VADILALIND,2,2026-05-28,2026-10-07
CUPID,2,2026-03-15,2026-10-07
539984,2,2026-08-31,2026-10-07
CHAMBLFERT,2,2026-07-31,2026-10-07
UBL,2,2026-08-05,2026-10-07
CARYSIL,2,2026-05-21,2026-10-07
RPSGVENT,2,2026-08-14,2026-10-07
VERANDA,1,2026-06-01,2026-10-07
DBCORP,2,2026-07-17,2026-10-07
RUBICON,2,2026-03-15,2026-10-07
INDOBORAX,2,2026-05-22,2026-10-07
EMSLIMITED,2,2026-08-13,2026-10-07
ARTEMISMED,2,2026-05-11,2026-10-07
GALAXYSURF,2,2026-08-14,2026-10-07
BLS,2,2026-05-20,2026-10-07
SPAL,2,2026-08-12,2026-10-07
NRL,2,2026-09-21,2026-10-07
MANKIND,2,2026-07-31,2026-10-07
ELLEN,2,2026-08-10,2026-10-07
MANAKCOAT,2,2026-07-15,2026-10-07
SOTL,2,2026-05-08,2026-10-07
VIJAYA,2,2026-05-08,2026-10-07
MOLDTKPAC,2,2026-05-12,2026-10-07
TNPETRO,2,2026-08-28,2026-10-07
AGIIL,2,2026-03-15,2026-10-07
M&M,2,2026-03-15,2026-10-07
TORNTPHARM,2,2026-07-31,2026-10-07
SYMPHONY,2,2026-08-05,2026-10-07
KSCL,2,2026-08-14,2026-10-07
GARUDA,2,2026-03-15,2026-10-07
DHOOTTRANS,2,2026-09-07,2026-10-07
SPLPETRO,2,2026-04-27,2026-10-07
PRASOLCHEM,1,2026-09-29,2026-10-07
THYROCARE,2,2026-05-08,2026-10-07
NUVAMA,2,2026-05-12,2026-10-07
DIVISLAB,2,2026-05-25,2026-10-07
DDEVPLSTIK,2,2026-03-15,2026-10-07
LTM,2,2026-04-24,2026-10-07
APCOTEXIND,2,2026-05-07,2026-10-07
NEPHROPLUS,2,2026-08-12,2026-10-07
IFBIND,2,2026-05-26,2026-10-07
BLUEJET,2,2026-05-26,2026-10-07
CIPLA,2,2026-07-24,2026-10-07
LLOYDSENGG,2,2026-08-07,2026-10-07
TECHNVISN,2,2026-08-14,2026-10-07
METROPOLIS,2,2026-05-14,2026-10-07
SARDAEN,2,2026-08-03,2026-10-07
STALLION,2,2026-08-13,2026-10-07
JUBLINGREA,2,2026-05-27,2026-10-07
CMSINFO,2,2026-05-15,2026-10-07
SUNDRMFAST,2,2026-05-01,2026-10-07
CORDELIA,2,2026-07-23,2026-10-07
HBLENGINE,2,2026-08-10,2026-10-07
MPSLTD,2,2026-05-18,2026-10-07
BECTORFOOD,2,2026-08-10,2026-10-07
LGHL,1,2026-10-01,2026-10-07
DEEPAKFERT,2,2026-07-31,2026-10-07
SANOFICONR,2,2026-07-29,2026-10-07
SUNPHARMA,2,2026-08-03,2026-10-07
BAJAJFINSV,2,2026-08-03,2026-10-07
HERITGFOOD,2,2026-07-17,2026-10-07
INDIAGLYCO,2,2026-08-13,2026-10-07
INDIASHLTR,2,2026-03-15,2026-10-07
ATUL,2,2026-04-27,2026-10-07
SURAKSHA,2,2026-08-13,2026-10-07
TCPLPACK,2,2026-08-12,2026-10-07
ELANTAS,2,2026-08-05,2026-10-07
PANAMAPET,2,2026-06-02,2026-10-07
ZSARACOM,2,2026-08-13,2026-10-07
HDFCLIFE,2,2026-07-16,2026-10-07
GODREJCP,2,2026-08-10,2026-10-07
KERNEX,2,2026-06-01,2026-10-07
GESHIP,2,2026-03-15,2026-10-07
BAJAJHCARE,2,2026-07-21,2026-10-07
STYRENIX,2,2026-08-05,2026-10-07
524717,2,2026-08-14,2026-10-07
KRN,2,2026-03-15,2026-10-07
ETHOSLTD,2,2026-08-24,2026-10-07
VIDHIING,2,2026-03-15,2026-10-07
PGEL,2,2026-03-15,2026-10-07
RELIANCE,2,2026-07-20,2026-10-07
VARROC,2,2026-05-28,2026-10-07
SEDEMAC,2,2026-05-19,2026-10-07
ANTELOPUS,2,2026-03-15,2026-10-07
ASIANPAINT,2,2026-03-15,2026-10-07
ASAHIINDIA,2,2026-03-15,2026-10-07
BIKAJI,2,2026-08-06,2026-10-07
BCG,2,2026-08-17,2026-10-07
RADICO,2,2026-07-29,2026-10-07
ICICIAMC,2,2026-07-14,2026-10-07
BHAGERIA,2,2026-08-28,2026-10-07
GARFIBRES,2,2026-03-15,2026-10-07
ENTERO,2,2026-05-26,2026-10-07
AVL,2,2026-08-03,2026-10-07
GKENERGY,2,2026-08-10,2026-10-07
BAJFINANCE,2,2026-04-30,2026-10-07
PITTIENG,2,2026-08-11,2026-10-07
NYKAA,2,2026-08-05,2026-10-07
PGIL,2,2026-05-15,2026-10-07
UNITEDPOLY,2,2026-09-18,2026-10-07
AETHER,2,2026-08-03,2026-10-07
ONEPOINT,1,2026-05-28,2026-10-07
IPCALAB,2,2026-08-14,2026-10-07
GPPL,2,2026-05-29,2026-10-07
INSECTICID,2,2026-05-29,2026-10-07
MTARTECH,2,2026-03-15,2026-10-07
KAMAHOLD,2,2026-05-26,2026-10-07
DEEPAKNTR,2,2026-05-18,2026-10-07
ALKYLAMINE,2,2026-05-07,2026-10-07
SPORTKING,2,2026-08-03,2026-10-07
SAFARI,2,2026-08-05,2026-10-07
HINDALCO,2,2026-05-25,2026-10-07
SUNTV,2,2026-08-13,2026-10-07
INDRAMEDCO,2,2026-08-07,2026-10-07
REDINGTON,2,2026-07-30,2026-10-07
RPTECH,2,2026-05-15,2026-10-07
MANINFRA,2,2026-08-13,2026-10-07
POKARNA,2,2026-03-15,2026-10-07
LLOYDSME,2,2026-03-15,2026-10-07
PREMIERENE,2,2026-03-15,2026-10-07
AFFLE,2,2026-03-15,2026-10-07
STYLAMIND,2,2026-07-23,2026-10-07
AEROFLEX,2,2026-03-15,2026-10-07
PARKHOSPS,2,2026-05-13,2026-10-07
SAMBHV,2,2026-05-11,2026-10-07
SHYAMMETL,2,2026-05-12,2026-10-07
OMNI,2,2026-03-16,2026-10-07
ALLTIME,2,2026-08-06,2026-10-07
GCSL,2,2026-08-03,2026-10-07
BAYERCROP,2,2026-08-06,2026-10-07
GANDHAR,2,2026-07-23,2026-10-07
TAALTECH,2,2026-08-07,2026-10-07
KMEW,2,2026-08-17,2026-10-07
OBSCP,2,2026-05-21,2026-10-07
KDDL,2,2026-08-05,2026-10-07
RATNAVEER,2,2026-07-27,2026-10-07
AVTNPL,2,2026-05-29,2026-10-07
PARADEEP,2,2026-07-30,2026-10-07
OIL,2,2026-05-14,2026-10-07
KSB,2,2026-08-05,2026-10-07
MATRIMONY,2,2026-08-12,2026-10-07
KENNAMET,2,2026-05-08,2026-10-07
VGUARD,2,2026-05-13,2026-10-07
SBCL,2,2026-05-19,2026-10-07
VEEDOL,2,2026-03-15,2026-10-07
NETWEB,2,2026-07-29,2026-10-07
FDC,2,2026-05-28,2026-10-07
FINEORG,2,2026-05-20,2026-10-07
ALICON,2,2026-05-13,2026-10-07
INGERRAND,2,2026-08-14,2026-10-07
SRHHYPOLTD,1,2026-09-21,2026-10-07
DCMSHRIRAM,2,2026-07-29,2026-10-07
TECHM,2,2026-04-23,2026-10-07
CASTROLIND,2,2026-08-05,2026-10-07
534535,1,2026-09-25,2026-10-07
HATSUN,2,2026-07-22,2026-10-07
APEX,2,2026-08-14,2026-10-07
BSE,2,2026-03-15,2026-10-07
LALPATHLAB,2,2026-05-01,2026-10-07
GLENMARK,2,2026-08-03,2026-10-07
CMRGREEN,2,2026-08-11,2026-10-07
PUNJABCHEM,2,2026-08-03,2026-10-07
ALKEM,2,2026-08-17,2026-10-07
NITINSPIN,2,2026-03-15,2026-10-07
DBL,2,2026-08-11,2026-10-07
MUFIN,2,2026-03-15,2026-10-07
NAVA,2,2026-08-17,2026-10-07
VIYASH,2,2026-05-20,2026-10-07
RAJOOENG,1,2026-10-07,2026-10-07
SPIC,2,2026-08-17,2026-10-07
COSMOFIRST,2,2026-05-21,2026-10-07
ARROWGREEN,2,2026-08-14,2026-10-07
PAGEIND,2,2026-08-14,2026-10-07
ADANIPOWER,2,2026-04-30,2026-10-07
523160,2,2026-08-31,2026-10-07
TDPOWERSYS,2,2026-05-15,2026-10-07
TANLA,2,2026-03-15,2026-10-07
TRENT,2,2026-08-07,2026-10-07
MASFIN,2,2026-03-15,2026-10-07
AKUMS,2,2026-08-10,2026-10-07
APOLLOHOSP,2,2026-03-15,2026-10-07
LODHA,2,2026-03-15,2026-10-07
JINDRILL,2,2026-05-25,2026-10-07
DMART,2,2026-07-13,2026-10-07
OCCLLTD,1,2026-10-07,2026-10-07
MONOLITH,2,2026-05-04,2026-10-07
BEPL,2,2026-04-27,2026-10-07
LTFOODS,2,2026-07-31,2026-10-07
SUNSHIEL,1,2026-08-19,2026-10-07
LAXMIDENTL,2,2026-05-22,2026-10-07
IIFL,2,2026-04-30,2026-10-07
HAPPSTMNDS,2,2026-06-01,2026-10-07
PFIZER,2,2026-07-29,2026-10-07
ARMANFIN,2,2026-03-15,2026-10-07
NAVINFLUOR,2,2026-03-15,2026-10-07
KARAMTARA,1,2026-10-07,2026-10-07
FORTIS,2,2026-05-25,2026-10-07
RPEL,2,2026-03-15,2026-10-07
GODREJAGRO,2,2026-08-06,2026-10-07
KPRMILL,2,2026-05-13,2026-10-07
OFSS,2,2026-03-15,2026-10-07
JGCHEM,2,2026-03-15,2026-10-07
INDGN,2,2026-07-31,2026-10-07
TIINDIA,2,2026-08-17,2026-10-07
MPIMANIPAL,1,2026-10-02,2026-10-07
CGCL,2,2026-03-15,2026-10-07
RPGLIFE,2,2026-07-29,2026-10-07
LAURUSLABS,2,2026-05-01,2026-10-07
PIDILITIND,2,2026-08-05,2026-10-07
GNA,2,2026-07-17,2026-10-07
MARICO,2,2026-08-05,2026-10-07
JMFINANCIL,2,2026-08-04,2026-10-07
SHAILY,2,2026-08-10,2026-10-07
VENUSPIPES,2,2026-08-11,2026-10-07
VBL,2,2026-04-28,2026-10-07
FINCABLES,2,2026-08-12,2026-10-07
QUESS,2,2026-07-30,2026-10-07
MANIPALHOS,2,2026-08-21,2026-10-07
NATIONALUM,2,2026-03-15,2026-10-07
KOVAI,2,2026-08-10,2026-10-07
SSWL,2,2026-03-15,2026-10-07
ALGOQUANT,2,2026-05-29,2026-10-07
JUBLCPL,2,2026-08-12,2026-10-07
SOLARINDS,2,2026-03-15,2026-10-07
HONASA,2,2026-05-22,2026-10-07
BERGEPAINT,2,2026-08-06,2026-10-07
RSL,2,2026-05-26,2026-10-07
AJANTPHARM,2,2026-07-31,2026-10-07
PREMIERPOL,2,2026-09-23,2026-10-07
MGL,2,2026-07-31,2026-10-07
BLUECLOUDS,2,2026-08-19,2026-10-07
SCI,2,2026-08-07,2026-10-07
543542,2,2026-08-10,2026-10-07
INDOMIM,2,2026-08-18,2026-10-07
LTTS,2,2026-04-23,2026-10-07
RATEGAIN,2,2026-05-22,2026-10-07
KPL,2,2026-05-20,2026-10-07
KSHINTL,2,2026-05-26,2026-10-07
YATHARTH,2,2026-03-15,2026-10-07
CORONA,2,2026-05-12,2026-10-07
AUROPHARMA,2,2026-03-15,2026-10-07
SHUKRAPHAR,2,2026-08-14,2026-10-07
BHARTIHEXA,2,2026-08-05,2026-10-07
543953,2,2026-08-14,2026-10-07
JSLL,2,2026-08-10,2026-10-07
VRLLOG,2,2026-03-15,2026-10-07
IOLCP,2,2026-05-21,2026-10-07
KANSAINER,2,2026-08-04,2026-10-07
ABBOTINDIA,2,2026-08-13,2026-10-07
TVSMOTOR,2,2026-07-22,2026-10-07
539682,2,2026-05-18,2026-10-07
WINDLAS,2,2026-05-22,2026-10-07
EIDPARRY,2,2026-08-13,2026-10-07
HNDFDS,2,2026-05-22,2026-10-07
SBFC,2,2026-03-15,2026-10-07
STEELCAS,2,2026-06-01,2026-10-07
TBOTEK,2,2026-06-01,2026-10-07
TGVSL,2,2026-08-19,2026-10-07
SUBEXLTD,2,2026-09-08,2026-10-07
530477,2,2026-09-10,2026-10-07
MOTILALOFS,2,2026-07-24,2026-10-07
MENONBE,2,2026-07-17,2026-10-07
HUHTAMAKI,2,2026-07-22,2026-10-07
BHARTIARTL,2,2026-05-14,2026-10-07
FILATEX,2,2026-07-31,2026-10-07
HINDZINC,2,2026-03-15,2026-10-07
NAVNETEDUL,2,2026-07-29,2026-10-07
SHADOWFAX,2,2026-08-27,2026-10-07
FCL,2,2026-03-15,2026-10-07
JAGSNPHARM,2,2026-07-30,2026-10-07
HDFCAMC,2,2026-07-16,2026-10-07
526433,2,2026-05-11,2026-10-07
BASF,2,2026-08-05,2026-10-07
CRAFTSMAN,2,2026-03-15,2026-10-07
KISSHT,2,2026-06-02,2026-10-07
SURAJEST,1,2026-09-21,2026-10-07
INVPRECQ,2,2026-08-14,2026-10-07
MANORAMA,2,2026-08-14,2026-10-07
VESUVIUS,2,2026-08-13,2026-10-07
SUNRAKSHAK,2,2026-08-19,2026-10-07
SHAREINDIA,2,2026-07-27,2026-10-07
SBC,2,2026-08-13,2026-10-07
V2RETAIL,2,2026-08-14,2026-10-07
DEEPINDS,2,2026-07-29,2026-10-07
SHAKTIPUMP,2,2026-05-08,2026-10-07
UTIAMC,2,2026-07-23,2026-10-07
523411,2,2026-08-13,2026-10-07
CENTURYPLY,2,2026-05-25,2026-10-07
HAPPYFORGE,2,2026-03-15,2026-10-07
RALLIS,2,2026-07-21,2026-10-07
COROMANDEL,2,2026-07-24,2026-10-07
JAYNECOIND,2,2026-04-27,2026-10-07
GRWRHITECH,2,2026-05-07,2026-10-07
UNIMECH,2,2026-08-04,2026-10-07
GRAVITA,2,2026-07-28,2026-10-07
ARIHANTCAP,2,2026-09-23,2026-10-07
VMART,2,2026-07-27,2026-10-07
UNIPARTS,2,2026-05-26,2026-10-07
INFOBEAN,2,2026-04-29,2026-10-07
GOODLUCK,2,2026-03-15,2026-10-07
ASKAUTOLTD,2,2026-08-05,2026-10-07
SKYWAYS,2,2026-09-18,2026-10-07
ADANIPORTS,2,2026-05-01,2026-10-07
KINGFA,2,2026-03-15,2026-10-07
TI,2,2026-07-28,2026-10-07
SHREECEM,2,2026-05-07,2026-10-07
360ONE,2,2026-07-17,2026-10-07
DRAGARWQ,2,2026-08-04,2026-10-07
SUMICHEM,2,2026-05-27,2026-10-07
IMFA,2,2026-08-05,2026-10-07
SETL,2,2026-05-15,2026-10-07
SJS,2,2026-03-15,2026-10-07
ULTRAMAR,2,2026-08-10,2026-10-07
AGARWALEYE,2,2026-05-22,2026-10-07
FOSECOIND,2,2026-05-13,2026-10-07
CLEAN,2,2026-05-15,2026-10-07
BOSCHLTD,2,2026-05-21,2026-10-07
NAM-INDIA,2,2026-07-23,2026-10-07
STOVEKRAFT,2,2026-05-13,2026-10-07
INDOAMIN,1,2026-10-05,2026-10-07
GLOBUSSPR,2,2026-07-20,2026-10-07
3MINDIA,2,2026-05-25,2026-10-07
EMCURE,2,2026-05-07,2026-10-07
RRKABEL,2,2026-03-15,2026-10-07
SKYGOLD,2,2026-03-15,2026-10-07
AIIL,2,2026-07-21,2026-10-07
PIIND,2,2026-08-12,2026-10-07
TVSHLTD,2,2026-07-22,2026-10-07
BALAMINES,2,2026-05-14,2026-10-07
FIVESTAR,2,2026-07-27,2026-10-07
BALUFORGE,2,2026-08-13,2026-10-07
GRINFRA,2,2026-08-07,2026-10-07
DABUR,2,2026-07-30,2026-10-07
BLUEDART,2,2026-08-03,2026-10-07
GKSL,2,2026-06-15,2026-10-07
DOLATALGO,2,2026-03-15,2026-10-07
HSCL,2,2026-03-15,2026-10-07
SHREEJISPG,2,2026-08-17,2026-10-07
FREDUN,2,2026-08-19,2026-10-07
MEDANTA,2,2026-05-15,2026-10-07
GAEL,2,2026-08-03,2026-10-07
INNOVACAP,2,2026-08-12,2026-10-07
KMCSHIL,2,2026-08-19,2026-10-07
BATAINDIA,2,2026-08-12,2026-10-07
TIIL,2,2026-06-01,2026-10-07
GULFOILLUB,2,2026-05-28,2026-10-07
KNACK,2,2026-08-11,2026-10-07
TTKPRESTIG,2,2026-07-29,2026-10-07
HCLTECH,2,2026-04-22,2026-10-07
VSSL,2,2026-04-29,2026-10-07
ARVSMART,2,2026-08-10,2026-10-07
BETA,2,2026-05-15,2026-10-07
VMM,2,2026-07-24,2026-10-07
GULPOLY,2,2026-08-07,2026-10-07
SMLMAH,2,2026-04-21,2026-10-07
RAJRATAN,2,2026-07-27,2026-10-07
SWARAJENG,2,2026-04-14,2026-10-07
GUJENERGY,2,2026-08-12,2026-10-07
JUBLFOOD,2,2026-05-21,2026-10-07
SBIFUNDS,2,2026-08-04,2026-10-07
GVT&D,2,2026-08-06,2026-10-07
CAPLIPOINT,2,2026-03-15,2026-10-07
ESABINDIA,2,2026-05-28,2026-10-07
SHREEPUSHK,2,2026-08-13,2026-10-07
544467,2,2026-05-01,2026-10-07
KAPSTON,2,2026-05-28,2026-10-07
BALKRISIND,2,2026-07-30,2026-10-07
BAJAJCON,2,2026-03-15,2026-10-07
SRF,2,2026-03-15,2026-10-07
SHRIRAMFIN,2,2026-03-15,2026-10-07
CYIENT,2,2026-07-24,2026-10-07
DIVGIITTS,2,2026-05-26,2026-10-07
CDSL,2,2026-08-03,2026-10-07
SCHAEFFLER,2,2026-07-23,2026-10-07
ENRIN,2,2026-05-15,2026-10-07
NOVARTIND,2,2026-05-13,2026-10-07
TORNTPOWER,2,2026-08-04,2026-10-07
BLISSGVS,2,2026-05-13,2026-10-07
SBICARD,2,2026-07-27,2026-10-07
