S.No.,Company,CMPRs.,P/E,Mar CapRs.Cr.,Div Yld%,NP QtrRs.Cr.,Qtr Profit Var%,Sales QtrRs.Cr.,Qtr Sales Var%,ROCE%,NP Prev QtrRs.Cr.,Symbol,Entry_Date
1.,RPSG Ventures,874.05,,2891.91,0.00,253.09,34.95,3576.44,20.36,10.61,-72.00,RPSGVENT,2026-08-14
2.,Brightcom Group,9.08,1.86,1832.23,0.00,261.58,24.05,1752.18,20.38,14.87,207.83,BCG,2026-08-17
3.,GE Shipping Co,1568.80,6.02,22397.31,2.17,1308.84,159.43,2005.36,66.91,15.79,1044.09,GESHIP,2026-08-04
4.,Kama Holdings,2226.00,6.29,7143.36,1.87,761.50,73.56,5070.88,31.48,14.00,584.02,KAMAHOLD,2026-08-17
5.,S P I C,63.32,6.31,1289.50,3.13,60.18,-9.79,848.81,8.73,16.77,29.49,SPIC,2026-08-17
6.,Panama Petrochem,536.60,6.76,3246.06,0.58,308.91,624.80,1735.15,150.30,19.15,71.08,PANAMAPET,2026-08-13
7.,Gulshan Polyols,166.25,7.02,1036.90,0.87,53.51,306.30,639.87,7.86,18.60,37.54,GULPOLY,2026-08-07
8.,Dolat Algotech,61.53,7.52,1082.93,0.16,53.82,38.68,114.25,37.37,16.32,46.72,DOLATALGO,2026-08-17
9.,India Glycols,382.40,8.04,2563.15,2.00,96.83,32.19,1130.39,8.64,12.40,86.88,INDIAGLYCO,2026-08-13
10.,S C I,285.30,8.20,13289.25,2.61,619.34,74.87,1846.56,40.31,13.94,404.60,SCI,2026-08-07
11.,Saraswati Commer,9950.00,8.24,1090.44,0.00,63.56,169.55,75.58,140.17,10.86,-16.31,ZSARACOM,2026-08-13
12.,Chambal Fert.,396.60,8.26,15889.82,2.76,523.60,-4.62,5027.02,-11.77,25.17,169.24,CHAMBLFERT,2026-07-31
13.,T N Petro Prod.,125.70,8.26,1130.92,1.19,80.11,125.98,780.15,68.50,10.91,8.09,TNPETRO,2026-08-28
14.,G R Infraproject,802.15,8.27,7761.67,0.31,357.79,27.71,2784.11,40.06,11.92,209.86,GRINFRA,2026-08-07
15.,D B Corp,171.70,8.68,3060.66,4.05,100.73,24.60,603.74,7.92,18.28,62.19,DBCORP,2026-07-17
16.,Natl. Aluminium,322.00,8.70,59139.56,3.59,2003.14,90.87,5302.38,39.28,39.59,1722.44,NATIONALUM,2026-08-03
17.,Oil India,451.25,8.76,73400.66,2.57,4026.83,91.40,12503.32,57.70,11.51,2424.46,OIL,2026-08-10
18.,Jindal Drilling,598.80,8.90,1735.32,0.17,47.14,-28.69,275.39,8.38,13.67,45.38,JINDRILL,2026-08-10
19.,Hindusthan Insulators &,547.75,9.25,1185.51,0.03,55.37,2451.61,172.06,146.93,10.61,36.62,539984,2026-08-31
20.,Gandhar Oil Ref.,297.25,9.58,2909.46,0.67,205.89,633.09,1731.93,91.81,13.33,37.05,GANDHAR,2026-07-23
21.,TGV Sraac,126.30,9.74,1352.54,0.78,45.42,17.20,543.08,10.62,12.96,27.99,TGVSL,2026-08-19
22.,Hindalco Inds.,915.50,9.87,205733.54,0.54,7013.00,116.70,84825.00,32.06,13.21,2597.00,HINDALCO,2026-08-10
23.,GK Energy,114.25,10.37,2317.18,0.44,59.67,61.53,505.19,71.09,40.87,59.05,GKENERGY,2026-08-10
24.,Gujarat Energy,228.65,10.94,21452.66,3.88,1007.40,69.80,9544.98,63.12,11.73,151.80,GUJENERGY,2026-08-12
25.,Veedol Corporat,1391.90,11.02,2425.25,4.16,77.92,56.88,608.57,18.49,24.09,57.46,VEEDOL,2026-08-11
26.,DCM Shriram,972.00,11.11,15157.52,1.14,693.44,445.40,3564.24,9.27,11.51,370.80,DCMSHRIRAM,2026-07-29
27.,JM Financial,124.70,11.28,11933.86,2.55,368.57,-35.67,1200.53,8.03,11.63,161.92,JMFINANCIL,2026-08-04
28.,CMS Info Systems,218.30,11.62,3494.25,2.40,83.68,-10.58,634.70,1.16,17.92,79.06,CMSINFO,2026-08-11
29.,Garuda Cons,172.95,11.81,1609.18,0.00,41.56,48.38,175.38,40.12,42.40,34.42,GARUDA,2026-08-11
30.,IIFL Finance,587.05,11.87,25056.00,0.67,713.13,189.30,3919.15,32.73,10.87,623.26,IIFL,2026-07-23
31.,TVS Holdings,11750.00,11.95,23772.74,0.73,1173.58,81.87,17076.18,34.01,16.95,865.36,TVSHLTD,2026-07-22
32.,Dilip Buildcon,410.25,11.97,6664.33,0.24,128.01,-1.98,2377.78,-9.26,13.09,123.83,DBL,2026-08-11
33.,Indian Metals,1185.40,12.18,6395.73,1.07,192.59,108.41,960.45,49.71,18.37,103.16,IMFA,2026-08-05
34.,Deep Industries,796.25,12.31,5096.00,0.33,89.14,45.12,278.92,39.81,16.47,-7.22,DEEPINDS,2026-07-29
35.,Tanla Platforms,495.05,12.32,6566.12,2.39,142.17,20.07,1226.39,17.85,26.32,134.32,TANLA,2026-07-23
36.,DDev Plastiks,254.35,12.32,2631.94,0.71,63.79,22.32,989.45,28.63,31.02,54.52,DDEVPLSTIK,2026-08-11
37.,MAS FINANC SER,271.00,12.39,4917.42,0.73,110.15,26.78,562.46,20.70,11.30,104.48,MASFIN,2026-07-30
38.,Share India Sec.,206.95,12.45,4528.56,0.78,124.41,47.48,448.09,31.25,18.41,58.04,SHAREINDIA,2026-07-27
39.,Cosmo First,826.60,12.66,2169.83,0.48,53.75,25.38,1165.54,45.69,11.23,36.91,COSMOFIRST,2026-08-07
40.,Huhtamaki India,229.30,12.68,1731.70,0.87,43.73,76.83,750.02,22.51,11.98,25.60,HUHTAMAKI,2026-07-22
41.,Styrenix Perfor.,2013.70,12.95,3542.09,2.68,138.30,166.37,1010.86,7.14,13.85,73.48,STYRENIX,2026-08-05
42.,BLS Internat.,221.20,12.95,9107.75,1.13,201.63,11.15,890.53,25.33,29.79,186.90,BLS,2026-08-10
43.,Savita Oil Tech,804.00,12.98,5512.31,0.61,292.25,395.59,1479.77,49.60,13.96,50.34,SOTL,2026-08-06
44.,INDIA SHELTE FIN,632.10,13.04,6902.36,1.55,143.02,19.95,432.39,19.80,12.86,140.06,INDIASHLTR,2026-08-07
45.,Insecticid.India,586.00,13.65,1705.11,0.34,43.87,-24.51,611.52,-11.52,15.81,11.71,INSECTICID,2026-08-12
46.,Hindustan Zinc,551.25,13.66,232920.82,1.97,5425.00,146.14,13687.00,77.22,69.25,4997.00,HINDZINC,2026-07-27
47.,Five-Star Bus.Fi,510.40,13.66,15066.75,0.39,271.41,1.92,828.98,5.38,14.79,269.27,FIVESTAR,2026-07-27
48.,Gulf Oil Lubric.,1118.35,13.98,5542.03,4.57,127.52,31.93,1320.36,32.52,27.23,90.02,GULFOILLUB,2026-08-04
49.,Indo Amines,157.80,14.09,1145.40,0.31,30.76,6.66,374.64,30.27,18.90,20.51,INDOAMIN,2026-10-05
50.,OCCL,217.20,14.21,1084.91,1.31,40.25,206.32,219.67,78.46,12.99,19.35,OCCLLTD,2026-10-07
51.,Mahanagar Gas,1041.05,14.24,10283.24,2.89,193.70,-39.39,2371.71,13.95,17.14,131.92,MGL,2026-07-31
52.,Gandhi Spl. Tube,972.60,14.56,1097.47,1.55,27.94,29.29,57.20,18.89,28.44,9.36,GANDHITUBE,2026-08-13
53.,Ultramarine Pig.,409.45,14.63,1195.60,1.47,27.97,68.19,218.87,29.76,10.09,12.39,ULTRAMAR,2026-08-10
54.,Kaveri Seed Co.,711.35,14.64,3659.15,0.71,279.84,-14.18,742.50,-13.51,15.82,-27.81,KSCL,2026-08-14
55.,Paradeep Phosph.,155.55,14.94,16154.15,0.97,392.54,18.79,6124.25,35.99,15.35,155.60,PARADEEP,2026-07-30
56.,Guj Pipavav Port,172.05,15.27,8317.53,6.02,147.90,41.76,331.77,32.64,28.06,142.20,GPPL,2026-08-13
57.,EID Parry,699.50,15.31,12448.01,0.00,311.50,-42.50,9017.52,3.41,16.96,-287.17,EIDPARRY,2026-08-13
58.,Arvind SmartSp.,618.55,15.42,2840.16,0.37,97.39,785.60,317.63,212.14,12.37,44.17,ARVSMART,2026-08-10
59.,Kernex Microsys.,1768.00,15.56,2970.92,0.00,109.85,1372.52,503.58,800.38,47.83,68.26,KERNEX,2026-08-14
60.,Sarda Energy,499.85,15.67,17613.79,0.41,478.13,5.50,1608.04,-1.54,16.87,155.15,SARDAEN,2026-08-03
61.,Arman Financial,1736.00,15.77,1830.85,0.00,45.17,409.81,201.78,33.63,11.77,41.01,ARMANFIN,2026-08-13
62.,Sun TV Network,636.00,15.85,25063.85,1.97,619.07,16.96,1457.88,12.99,16.41,232.34,SUNTV,2026-08-13
63.,Sportking India,201.90,15.86,2565.57,0.49,75.97,122.79,703.68,20.12,13.22,32.76,SPORTKING,2026-08-03
64.,Bhansali Engg.,127.85,15.87,3181.71,3.17,65.60,42.95,472.15,53.34,23.75,51.60,BEPL,2026-07-20
65.,AVT Natural Prod,88.21,16.03,1343.44,0.92,31.10,156.60,241.21,82.16,14.22,22.02,AVTNPL,2026-08-17
66.,Jayaswal Neco,94.66,16.06,9191.47,0.00,193.92,108.47,2106.56,27.72,20.69,190.87,JAYNECOIND,2026-07-20
67.,Indrapr.Medical,329.70,16.07,3022.48,1.18,55.85,8.53,406.15,11.26,35.75,41.70,INDRAMEDCO,2026-08-07
68.,Nitin Spinners,614.25,16.30,3453.35,0.49,75.27,83.63,875.03,10.30,12.21,57.36,NITINSPIN,2026-08-10
69.,InfoBeans Tech.,148.25,16.93,1437.66,0.33,21.62,-7.29,152.77,36.58,29.18,21.44,INFOBEAN,2026-07-22
70.,Khazanchi Jewell,699.15,16.96,1730.19,0.07,27.83,83.70,585.72,45.07,34.79,25.59,543953,2026-08-14
71.,Rallis India,200.10,17.08,3891.32,1.50,125.00,30.04,1022.00,6.79,14.14,-15.00,RALLIS,2026-07-21
72.,FDC,328.90,17.37,5354.82,1.51,132.49,9.17,667.69,2.97,15.35,103.40,FDC,2026-08-06
73.,HCL Technologies,1180.20,17.56,320266.76,4.57,4626.00,20.32,34579.00,13.94,30.40,4490.00,HCLTECH,2026-07-14
74.,Redington,406.30,17.61,31763.48,1.45,453.49,76.55,34922.47,34.57,18.39,287.58,REDINGTON,2026-07-30
75.,Guj. Ambuja Exp,163.10,17.88,7480.89,0.18,176.77,171.87,1594.22,23.47,12.46,135.32,GAEL,2026-08-03
76.,Castrol India,197.20,18.08,19505.51,4.44,347.70,42.50,1871.47,25.03,60.27,242.18,CASTROLIND,2026-08-05
77.,Technocraf.Inds.,2716.10,18.10,6158.18,0.72,137.75,68.38,804.97,27.20,16.34,77.74,TIIL,2026-08-14
78.,M & M,2806.30,18.16,348971.42,1.18,5997.56,33.80,58187.57,27.80,15.10,5259.91,M&M,2026-07-31
79.,Deepak Fertilis.,1416.40,18.26,17880.34,0.71,490.04,101.52,3256.26,22.47,11.42,139.39,DEEPAKFERT,2026-07-31
80.,VRL Logistics,284.85,18.65,4983.09,1.76,80.53,60.93,878.84,18.07,18.27,72.14,VRLLOG,2026-08-05
81.,SBFC Finance,81.00,18.72,8983.06,0.00,130.12,28.97,491.47,26.53,11.82,122.77,SBFC,2026-07-27
82.,Punjab Chemicals,1035.00,18.93,1268.91,0.29,22.07,6.98,347.24,8.68,18.55,10.98,PUNJABCHEM,2026-08-03
83.,GNA Axles,583.75,18.94,2506.07,0.51,38.27,66.46,470.44,36.67,14.33,30.82,GNA,2026-07-17
84.,Apcotex Industri,591.80,19.02,3068.19,1.34,78.94,312.00,525.63,39.88,19.80,34.74,APCOTEXIND,2026-07-30
85.,Quess Corp,328.70,19.06,4910.32,2.45,82.13,55.39,4181.69,14.52,24.00,64.35,QUESS,2026-07-30
86.,Bajaj Healthcare,324.55,19.42,1092.54,0.46,13.70,14.13,165.63,11.28,11.46,-22.85,BAJAJHCARE,2026-07-21
87.,Home First Finan,1085.45,19.52,11349.82,0.48,159.85,34.45,538.01,18.61,11.13,149.45,HOMEFIRST,2026-07-28
88.,Shriram Finance,943.25,19.57,221950.94,1.14,3452.77,59.89,13400.43,16.16,11.49,3020.95,SHRIRAMFIN,2026-07-27
89.,Rashi Peripheral,940.15,19.58,6243.11,0.21,104.57,67.60,5101.85,61.85,17.00,86.84,RPTECH,2026-08-05
90.,Happiest Minds,304.20,19.79,4632.25,2.09,67.60,18.33,628.51,14.30,13.32,61.17,HAPPSTMNDS,2026-07-28
91.,Uniparts India,815.70,20.16,3683.82,1.86,56.61,64.28,347.38,26.94,21.59,51.15,UNIPARTS,2026-08-05
92.,LTM,3916.15,20.68,116161.32,1.88,1468.60,16.92,11608.00,17.96,29.60,1387.30,LTM,2026-04-24
93.,Glenmark Pharma.,2290.00,20.78,64629.55,0.22,482.82,85.50,4018.48,23.10,39.77,301.31,GLENMARK,2026-08-03
94.,CMR Green Tech.,225.90,20.80,4948.46,0.00,68.18,16.41,3122.73,64.92,14.06,65.98,CMRGREEN,2026-08-11
95.,Canara Robeco,229.00,20.86,4566.70,1.78,75.60,23.98,145.37,20.07,40.11,41.36,CRAMC,2026-07-22
96.,Swaraj Engines,3540.20,21.05,4301.27,3.10,55.53,11.13,588.39,21.54,58.38,54.56,SWARAJENG,2026-07-21
97.,Onemi Technology,377.25,21.08,6687.51,0.00,95.08,59.16,669.50,44.57,22.66,82.18,KISSHT,2026-07-30
98.,Arrow Greentech,897.65,21.23,1354.40,0.56,27.43,151.19,87.84,111.15,29.62,7.44,ARROWGREEN,2026-08-14
99.,Capri Global,250.20,21.33,24073.13,0.08,353.38,102.05,1576.48,57.05,11.67,282.82,CGCL,2026-07-28
100.,Nava,571.10,21.39,16180.02,1.51,332.82,-9.95,1211.80,1.56,12.80,136.23,NAVA,2026-08-17
101.,Bayer Crop Sci.,3485.10,21.41,15662.74,4.31,321.60,15.39,1835.00,-4.16,29.14,162.10,BAYERCROP,2026-08-06
102.,UTI AMC,893.85,21.53,11489.54,4.47,293.86,24.07,583.51,6.70,15.57,-51.44,UTIAMC,2026-10-02
103.,Apex Frozen Food,343.30,21.68,1072.80,0.75,21.67,138.13,256.53,-0.63,10.45,7.79,APEX,2026-08-14
104.,Lloyds Metals,1839.55,21.76,103575.72,0.05,1733.89,169.11,7354.40,208.55,27.29,1530.10,LLOYDSME,2026-08-11
105.,Reliance Industries,1205.10,21.88,1630805.82,0.49,23196.00,2.02,309468.00,27.02,10.26,20589.00,RELIANCE,2026-07-20
106.,Navneet Educat.,124.30,21.97,2749.68,2.40,141.00,-16.66,788.00,-0.76,10.23,39.00,NAVNETEDUL,2026-07-29
107.,Jeena Sikho,418.60,22.02,5203.18,1.05,65.69,28.03,224.40,28.75,64.45,45.35,JSLL,2026-08-10
108.,Bhageria Indust.,375.40,22.05,1638.39,0.68,35.94,199.75,284.02,79.76,11.01,14.10,BHAGERIA,2026-08-28
109.,Atul,6001.45,22.22,17669.28,0.50,253.93,91.99,1847.95,25.03,14.90,211.10,ATUL,2026-07-27
110.,Authum Invest,551.50,22.39,46834.84,0.02,1114.81,18.43,1448.22,19.65,13.63,45.53,AIIL,2026-07-21
111.,L T Foods,416.00,22.56,14445.67,0.73,183.45,8.87,3151.83,27.92,17.60,135.67,LTFOODS,2026-07-31
112.,Rajoo Engineers,61.67,22.75,1101.95,0.26,17.35,3.40,123.07,44.67,24.14,2.36,RAJOOENG,2026-10-07
113.,Man Infra,122.45,22.78,4942.91,0.73,62.74,28.92,218.31,19.36,13.24,41.05,MANINFRA,2026-08-13
114.,Pfizer,3827.15,22.81,17508.37,1.96,204.47,6.63,653.17,8.31,24.06,199.82,PFIZER,2026-07-29
115.,Jubilant Agri,1994.90,22.84,3022.76,0.00,46.11,4.49,523.18,18.38,40.39,19.93,JUBLCPL,2026-08-12
116.,S P Apparels,960.20,22.98,2413.84,0.32,24.87,16.40,401.08,-0.58,14.04,18.59,SPAL,2026-08-12
117.,Balu Forge,508.00,23.01,6166.79,0.03,66.09,15.89,300.71,28.95,22.72,65.74,BALUFORGE,2026-08-13
118.,Pokarna,705.00,23.04,2185.78,0.08,42.60,50.58,189.41,10.79,11.48,25.61,POKARNA,2026-08-10
119.,Sh.Pushkar Chem.,515.15,23.13,1665.86,0.42,22.93,9.40,280.07,10.04,12.86,12.87,SHREEPUSHK,2026-08-13
120.,SBI Cards,556.15,23.26,52925.65,0.45,664.44,19.51,5040.55,3.36,10.10,609.30,SBICARD,2026-07-27
121.,Vadilal Inds.,7226.90,23.71,5196.15,0.59,130.91,95.45,680.06,34.24,21.96,54.86,VADILALIND,2026-08-13
122.,Galaxy Surfact.,2432.45,23.74,8624.21,0.91,165.92,108.73,1781.90,39.44,13.53,62.43,GALAXYSURF,2026-08-14
123.,Matrimony.com,518.00,23.87,1070.90,0.96,19.08,127.14,130.51,13.16,17.41,9.71,MATRIMONY,2026-08-12
124.,Kansai Nerolac,190.60,23.95,15416.73,1.32,228.41,4.83,2373.59,9.79,11.99,109.89,KANSAINER,2026-08-04
125.,BASF India,3454.00,24.15,14950.88,0.72,362.05,137.55,4837.44,28.94,14.54,63.58,BASF,2026-08-05
126.,Goodluck India,501.95,24.50,5005.22,0.41,67.22,59.54,1287.43,30.93,14.40,56.10,GOODLUCK,2026-08-07
127.,Premier Energies,911.00,24.87,41354.93,0.11,471.92,50.45,2462.59,35.25,32.71,456.84,PREMIERENE,2026-08-07
128.,Rajputana Stain.,175.10,24.88,1463.23,0.28,20.20,80.52,306.54,32.41,25.33,13.10,RSL,2026-08-13
129.,Globus Spirits,796.95,24.92,2507.31,0.83,26.48,49.05,788.78,12.71,11.25,21.11,GLOBUSSPR,2026-07-20
130.,Orkla India,562.65,25.21,7707.68,0.00,87.70,9.71,659.10,10.40,14.92,73.43,ORKLAINDIA,2026-08-05
131.,MPS,2699.95,25.22,4618.48,0.00,50.39,41.19,224.24,20.38,38.72,47.04,MPSLTD,2026-07-22
132.,Knack Packaging,210.50,25.25,2575.80,0.00,31.51,58.98,256.82,40.32,34.07,22.88,KNACK,2026-08-11
133.,Kovai Medical,5933.95,25.32,6491.72,0.25,69.09,20.72,431.31,15.35,22.55,63.35,KOVAI,2026-08-10
134.,Sunrakshakk Inds,356.50,25.41,1105.40,0.00,15.04,130.67,276.33,120.64,29.25,12.10,SUNRAKSHAK,2026-08-19
135.,Aurobindo Pharma,1679.55,25.50,96637.62,0.24,1032.03,28.11,9150.35,16.30,12.86,920.84,AUROPHARMA,2026-08-06
136.,L&T Technology,3248.70,25.63,34464.29,1.78,357.10,17.38,2940.10,11.47,26.71,332.70,LTTS,2026-07-15
137.,Filatex India,112.25,25.91,4984.56,0.27,49.14,20.65,1145.30,9.14,19.06,40.25,FILATEX,2026-07-31
138.,Shakti Pumps,448.70,26.05,5536.99,0.22,51.59,-46.72,858.67,37.94,23.64,38.33,SHAKTIPUMP,2026-07-27
139.,Godrej Agrovet,636.65,26.12,12249.88,1.73,128.31,-16.21,2855.22,9.22,19.16,102.28,GODREJAGRO,2026-08-06
140.,HBL Engineering,761.65,26.34,21112.57,0.39,109.14,-25.07,638.03,6.03,59.30,63.73,HBLENGINE,2026-08-10
141.,Vardhman Special,391.80,26.46,3791.77,0.89,41.19,106.98,486.01,12.06,15.28,33.98,VSSL,2026-07-23
142.,Shyam Metalics,1066.20,26.50,29761.00,0.43,350.73,18.11,5455.09,23.45,13.01,311.54,SHYAMMETL,2026-07-21
143.,Arihant Capital,96.85,26.53,1061.65,0.51,21.49,69.21,77.91,53.46,11.47,0.50,ARIHANTCAP,2026-10-07
144.,Adani Power,196.45,26.59,378847.84,0.00,4866.60,41.98,18901.89,33.97,17.22,4271.40,ADANIPOWER,2026-07-23
145.,Carysil,1008.95,26.67,2869.72,0.29,32.05,37.73,262.14,15.49,18.00,27.38,CARYSIL,2026-08-11
146.,Deepak Nitrite,1555.30,26.78,21213.22,0.48,345.01,207.50,2577.60,36.39,11.37,219.83,DEEPAKNTR,2026-08-05
147.,Torrent Power,1236.90,26.84,62327.81,1.61,661.85,-12.66,8124.15,2.75,13.66,331.49,TORNTPOWER,2026-08-04
148.,EMS,330.30,26.90,1834.18,0.45,15.49,-59.13,157.24,-34.18,12.77,5.71,EMSLIMITED,2026-08-13
149.,Lodha Developers,1112.80,26.91,111211.65,0.38,1373.10,103.36,4996.70,43.10,16.41,1008.10,LODHA,2026-07-27
150.,Oracle Fin.Serv.,10563.50,26.97,92010.24,3.83,1415.50,120.52,3125.20,68.73,45.28,841.70,OFSS,2026-07-23
151.,TAAL Tech,1081.55,27.10,1685.23,1.29,19.43,41.72,64.81,41.60,27.48,17.16,TAALTECH,2026-08-07
152.,Bajaj Finserv,1738.70,27.11,278550.45,0.09,6296.67,12.31,42036.90,19.13,10.58,5226.26,BAJAJFINSV,2026-08-03
153.,Tech Mahindra,1489.90,27.45,146033.89,3.44,1486.30,28.45,15711.90,17.68,23.12,1356.40,TECHM,2026-07-17
154.,Balkrishna Inds,2003.80,27.59,38736.91,0.78,450.77,56.35,3455.27,25.19,11.18,299.46,BALKRISIND,2026-07-30
155.,Coromandel Inter,1745.20,27.60,51486.27,0.62,381.56,-24.59,8164.77,15.94,22.05,114.64,COROMANDEL,2026-07-24
156.,Foseco Crucible (India),1950.00,27.76,1092.02,0.65,10.29,92.03,48.68,14.43,33.24,-1.40,523160,2026-08-31
157.,Alkem Lab,5347.75,28.09,63940.34,0.98,520.98,-20.47,3740.15,10.95,21.24,251.11,ALKEM,2026-08-17
158.,Sambhv Steel,158.75,28.09,4677.97,0.00,56.61,69.49,732.17,31.07,19.07,55.78,SAMBHV,2026-08-04
159.,Vikram Thermo,393.00,28.12,1232.35,0.32,13.28,67.25,37.87,32.41,36.19,8.52,530477,2026-09-10
160.,Gravita India,1501.80,28.23,11084.59,0.43,106.37,14.08,1475.06,41.84,16.21,91.81,GRAVITA,2026-07-28
161.,Bajaj Consumer,482.40,28.26,6301.03,0.00,70.75,84.82,341.56,24.94,30.05,63.63,BAJAJCON,2026-07-14
162.,Finolex Cables,1480.90,28.31,22648.76,0.61,249.04,53.14,2013.15,44.26,16.01,224.43,FINCABLES,2026-08-12
163.,Antelopus Selan,1136.05,28.68,4008.87,0.00,54.32,450.71,131.04,158.82,19.92,38.08,ANTELOPUS,2026-07-28
164.,Heritage Foods,399.00,29.17,3702.55,0.62,24.97,-38.42,1338.09,17.71,14.80,23.94,HERITGFOOD,2026-07-17
165.,Mold-Tek Pack.,668.70,29.21,2222.00,0.36,25.57,17.35,300.45,24.90,13.33,20.64,MOLDTKPAC,2026-07-28
166.,Blue Cloud Soft.,20.29,29.26,1873.03,0.00,17.95,24.74,292.52,41.97,14.16,12.11,BLUECLOUDS,2026-08-19
167.,Bajaj Finance,965.05,29.37,600835.64,0.56,6080.60,27.37,23165.45,18.65,10.87,5553.30,BAJFINANCE,2026-07-31
168.,Rajratan Global,461.55,29.43,2343.33,0.45,22.96,69.82,318.35,29.14,13.23,15.43,RAJRATAN,2026-07-27
169.,Steel Str. Wheel,423.95,29.78,6667.29,0.35,71.51,43.19,1509.82,27.22,15.92,64.45,SSWL,2026-07-16
170.,Cipla,1329.90,30.01,107438.73,0.96,785.55,-39.19,7119.28,2.33,15.49,542.51,CIPLA,2026-07-24
171.,Premier Polyfilm,100.49,30.06,1052.55,0.15,9.08,51.33,87.92,35.07,28.86,8.58,PREMIERPOL,2026-10-05
172.,Adani Ports,1743.50,30.17,401695.29,0.42,3649.50,9.23,10820.80,18.57,14.12,3308.30,ADANIPORTS,2026-07-30
173.,Caplin Point Lab,2643.70,30.19,20095.17,0.30,179.09,15.78,610.36,19.63,24.24,172.88,CAPLIPOINT,2026-08-13
174.,TCPL Packaging,4020.00,30.27,3658.20,0.62,37.63,65.55,473.97,15.75,17.88,21.17,TCPLPACK,2026-08-12
175.,Cyient,1113.05,30.34,12372.55,1.40,108.70,-32.31,2075.70,21.26,12.28,65.50,CYIENT,2026-07-24
176.,Manipal Payment,380.35,30.56,8816.67,0.00,75.96,120.62,409.32,44.34,43.28,68.32,MPIMANIPAL,2026-10-02
177.,Supreme Petroch.,807.05,30.94,15175.88,1.27,236.33,192.05,1692.70,22.08,18.79,168.04,SPLPETRO,2026-07-28
178.,P I Industries,2209.60,31.08,33523.64,0.68,244.20,-38.95,1702.30,-10.43,14.99,200.20,PIIND,2026-08-12
179.,Nuvama Wealth,1825.80,31.11,33688.84,1.48,305.64,15.85,1376.22,22.59,17.50,268.79,NUVAMA,2026-07-31
180.,Laxmi Dental,197.50,31.26,1086.84,0.00,10.32,22.77,74.70,13.87,15.05,10.10,LAXMIDENTL,2026-08-12
181.,Skyways Air Ser.,115.45,31.40,1678.01,0.57,26.79,190.12,1216.53,90.38,13.22,21.72,SKYWAYS,2026-09-18
182.,IFB Industries,1214.00,31.47,4919.15,0.00,38.06,50.08,1523.52,17.10,18.22,33.72,IFBIND,2026-08-07
183.,All Time Plastic,183.30,31.51,1200.73,0.00,12.10,-5.62,161.06,1.95,11.57,9.40,ALLTIME,2026-08-06
184.,AGI Infra,257.95,31.52,3224.31,0.08,27.54,37.53,96.44,5.27,20.24,26.69,AGIIL,2026-08-14
185.,Indo Borax & Ch.,481.00,31.56,1543.54,2.08,16.25,59.31,70.36,31.34,15.37,14.53,INDOBORAX,2026-08-11
186.,Windlas Biotech,1019.50,31.66,2103.89,0.63,17.65,-0.11,248.10,18.09,15.90,16.02,WINDLAS,2026-08-11
187.,Jubilant Ingrev.,642.00,32.11,10225.85,0.79,105.82,40.91,1300.27,25.28,11.37,86.44,JUBLINGREA,2026-07-23
188.,Vidhi Specialty,346.55,32.31,1730.83,0.87,17.13,34.67,146.28,66.42,18.76,13.29,VIDHIING,2026-07-30
189.,SRF,2444.85,32.33,72471.44,0.36,758.87,75.53,5033.26,31.81,14.61,582.02,SRF,2026-07-23
190.,Sanofi Consumer,3754.75,32.51,8647.45,1.99,68.80,23.65,235.70,6.70,89.93,67.80,SANOFICONR,2026-07-29
191.,Vesuvius India,410.40,32.57,8329.52,0.37,58.51,-7.13,536.17,2.26,21.34,55.85,VESUVIUS,2026-08-13
192.,Motil.Oswal.Fin.,1071.15,32.59,64587.94,0.56,1273.71,9.56,3425.76,25.16,12.66,-219.11,MOTILALOFS,2026-07-24
193.,Dr Agarwal's Eye,5155.20,32.70,2491.43,0.13,23.38,35.46,142.97,22.28,17.19,16.24,DRAGARWQ,2026-08-04
194.,SBI Funds Mgt.,499.45,32.79,101729.38,0.00,880.26,3.70,1152.73,15.16,56.50,634.46,SBIFUNDS,2026-08-04
195.,Jagsonpal Pharma,236.25,33.16,1558.25,1.70,13.19,22.13,82.23,8.76,22.73,8.76,JAGSNPHARM,2026-07-30
196.,Subex,19.19,33.41,1081.75,0.00,14.22,11.01,79.45,19.65,12.76,9.93,SUBEXLTD,2026-09-08
197.,Blue Dart Expres,4572.55,33.48,10850.66,0.54,88.49,81.22,1657.72,14.97,15.77,48.85,BLUEDART,2026-08-03
198.,SJS Enterprises,1982.40,33.54,6393.09,0.18,74.43,57.47,261.00,24.49,28.58,48.87,SJS,2026-08-07
199.,HDFC AMC,2308.55,33.63,99053.78,2.32,838.36,12.09,1098.50,13.51,42.88,623.29,HDFCAMC,2026-07-16
200.,Stylam Industrie,3363.75,33.67,5700.91,0.00,48.15,70.38,326.47,15.37,26.58,37.90,STYLAMIND,2026-07-23
201.,Sun Pharma.Inds.,1777.40,33.81,426457.76,0.88,2901.23,5.95,15299.88,10.46,20.53,2709.66,SUNPHARMA,2026-08-03
202.,Manaksia Coated,129.60,33.89,1381.97,0.04,14.10,0.64,262.14,4.94,17.83,5.37,MANAKCOAT,2026-07-15
203.,Pitti Engg.,1122.70,34.03,4227.34,0.22,29.50,28.93,529.09,15.89,14.84,26.61,PITTIENG,2026-08-11
204.,TTK Prestige,517.50,34.24,7088.02,1.43,58.97,103.94,813.85,33.57,12.10,36.08,TTKPRESTIG,2026-07-29
205.,J.G.Chemicals,656.70,34.25,2573.33,0.17,26.11,59.04,315.65,44.79,17.71,18.90,JGCHEM,2026-08-10
206.,Abbott India,26069.05,34.28,55396.76,1.99,428.52,17.13,1813.68,4.33,44.80,394.93,ABBOTINDIA,2026-08-13
207.,Dabur India,384.05,34.30,68128.80,2.13,586.16,14.98,3764.39,10.57,20.28,362.00,DABUR,2026-07-30
208.,Balaji Amines,2167.80,34.36,7023.93,0.49,78.12,97.21,455.93,27.23,11.02,64.77,BALAMINES,2026-07-28
209.,Garware Tech.,776.00,34.38,7577.51,1.16,64.60,21.68,482.37,31.35,21.98,57.26,GARFIBRES,2026-08-06
210.,360 ONE,1064.45,34.38,43420.39,1.13,330.53,16.11,1226.09,34.52,12.12,288.74,360ONE,2026-07-17
211.,Commerl. Synbags,261.35,34.71,1096.40,0.19,9.68,91.30,108.30,21.17,15.01,7.11,COMSYN,2026-08-10
212.,V-Guard Industri,302.20,34.78,13203.58,0.50,130.25,76.37,1810.65,23.50,18.38,112.13,VGUARD,2026-07-30
213.,Indegene,608.35,35.19,14656.70,0.38,116.20,-0.17,1063.10,39.73,18.82,79.70,INDGN,2026-07-31
214.,Emcure Pharma,1912.60,35.20,36284.01,0.19,292.49,40.45,2580.45,22.85,24.02,243.73,EMCURE,2026-08-07
215.,Ipca Labs.,1939.35,35.86,49202.14,0.31,424.27,72.33,2788.10,20.76,16.98,306.69,IPCALAB,2026-08-14
216.,Bharti Airtel,1829.30,36.60,1141778.67,1.31,10011.60,40.84,58539.10,18.35,17.56,9247.40,BHARTIARTL,2026-08-05
217.,V2 Retail,164.85,36.73,6011.10,0.00,41.90,50.99,997.20,58.36,19.53,18.19,V2RETAIL,2026-08-14
218.,IOL Chemicals,221.25,36.84,6494.34,0.46,64.48,89.87,756.26,37.08,11.29,53.18,IOLCP,2026-08-11
219.,Sumitomo Chemi.,422.25,36.89,21076.42,0.31,216.53,9.30,1054.08,0.57,23.48,110.61,SUMICHEM,2026-07-28
220.,Clean Science,811.00,36.98,8619.59,0.74,73.35,4.70,268.43,10.52,20.68,58.27,CLEAN,2026-08-03
221.,Pearl Global Ind,1271.85,37.48,11749.49,0.57,99.24,50.93,1528.26,24.46,19.93,80.98,PGIL,2026-08-06
222.,Sundram Fasten.,1126.60,38.10,23673.05,0.70,168.69,13.51,1846.07,20.39,17.60,161.36,SUNDRMFAST,2026-08-05
223.,N S D L,744.30,38.32,14886.00,0.54,98.31,9.55,516.63,65.57,22.13,90.32,544467,2026-07-31
224.,Menon Bearings,301.95,38.49,1692.11,0.63,14.11,67.38,91.79,36.57,25.50,13.78,MENONBE,2026-07-17
225.,Rategain Travel,855.20,38.75,10136.94,0.00,94.91,102.24,785.01,187.63,13.88,69.99,RATEGAIN,2026-08-07
226.,ASK Automotive,626.55,39.09,12351.98,0.30,85.12,28.83,1358.11,52.38,25.42,71.54,ASKAUTOLTD,2026-08-05
227.,Safari Inds.,1316.90,39.13,6452.45,0.30,47.75,-5.43,588.58,11.51,19.27,37.47,SAFARI,2026-08-05
228.,Ajanta Pharma,3567.85,39.27,44583.56,0.91,334.22,30.89,1625.96,24.82,34.51,266.70,AJANTPHARM,2026-07-31
229.,Fine Organic,5614.40,39.33,17213.74,0.20,138.14,23.45,694.17,17.98,21.47,117.48,FINEORG,2026-08-10
230.,Alicon Cast.,899.65,39.74,1476.54,0.57,11.45,4.76,578.01,38.30,10.65,7.94,ALICON,2026-08-14
231.,Bharti Hexacom,1475.65,39.88,73782.50,1.23,482.40,23.19,2509.90,10.91,21.37,446.70,BHARTIHEXA,2026-08-05
232.,United Polyfab,47.96,40.21,1100.74,0.00,7.82,32.04,179.85,23.03,17.75,7.06,UNITEDPOLY,2026-09-18
233.,Sky Gold & Diam.,877.65,40.63,13592.49,0.00,104.90,136.94,2012.79,77.93,26.90,90.72,SKYGOLD,2026-08-11
234.,RPG LifeScience.,2888.85,40.95,4777.86,0.85,30.57,16.28,195.69,15.85,25.71,29.90,RPGLIFE,2026-07-29
235.,Nippon Life Ind.,1048.35,41.04,67098.78,2.05,503.70,27.16,766.87,26.42,43.80,384.72,NAM-INDIA,2026-07-23
236.,K P R Mill Ltd,1103.40,41.33,37715.75,0.45,258.54,21.55,1935.52,9.58,19.58,227.17,KPRMILL,2026-08-11
237.,Kingfa Science,6895.15,41.42,9343.87,0.29,80.21,101.58,688.57,49.06,23.20,59.15,KINGFA,2026-08-17
238.,Garware Hi Tech,6907.50,41.42,16047.77,0.17,132.65,59.78,633.08,27.90,18.08,108.21,GRWRHITECH,2026-08-07
239.,Steelcast,372.15,41.53,3766.15,0.46,23.71,19.27,124.82,16.99,32.30,23.18,STEELCAS,2026-07-30
240.,Ratnaveer Precis,337.40,41.88,2831.73,0.00,18.24,22.01,314.64,18.90,12.29,17.03,RATNAVEER,2026-07-27
241.,Esab India,5638.55,41.93,8679.42,1.33,56.14,37.13,421.12,19.63,64.68,43.55,ESABINDIA,2026-08-12
242.,Park Medi World,270.75,42.10,11694.51,0.00,88.60,42.31,475.71,19.27,19.46,76.77,PARKHOSPS,2026-08-03
243.,Affle 3i,1437.95,42.39,20262.73,0.00,128.44,21.74,747.16,20.37,16.84,119.51,AFFLE,2026-08-10
244.,Himadri Special,671.70,42.42,33892.32,0.12,228.43,26.33,1431.88,28.04,22.12,207.53,HSCL,2026-07-16
245.,Akums Drugs,823.05,42.48,12954.28,0.12,100.98,57.55,1166.63,13.93,14.94,81.34,AKUMS,2026-08-10
246.,Godrej Consumer,867.40,42.73,88761.40,2.29,504.52,10.55,4225.47,15.39,18.75,451.77,GODREJCP,2026-08-10
247.,Ellen.Indl.Gas,367.20,42.93,5175.15,0.00,34.96,86.85,98.72,18.04,14.47,22.88,ELLEN,2026-08-10
248.,Prasol Chemicals,876.35,43.00,5186.50,0.00,61.02,150.70,433.65,35.70,23.53,19.86,PRASOLCHEM,2026-09-29
249.,Innova Captab,1162.50,43.15,6652.37,0.18,44.13,42.26,470.85,33.94,14.96,38.08,INNOVACAP,2026-08-12
250.,ICICI AMC,3055.15,43.36,151003.42,0.89,964.63,23.10,1564.22,17.55,115.10,768.58,ICICIAMC,2026-07-14
251.,Blue Jet Health,540.00,43.51,10220.86,0.22,78.26,-14.16,293.11,-17.38,26.07,64.34,BLUEJET,2026-08-04
252.,Alkyl Amines,1919.30,43.60,9816.86,0.52,94.63,91.40,528.01,30.20,16.64,45.37,ALKYLAMINE,2026-08-05
253.,Hindustan Foods,582.15,43.67,7062.01,0.00,42.76,32.75,1201.08,17.90,14.06,41.55,HNDFDS,2026-08-05
254.,Artemis Medicare,318.60,43.74,5043.60,0.14,31.05,44.96,282.01,12.89,14.53,29.55,ARTEMISMED,2026-08-04
255.,Bikaji Foods,484.10,43.78,12138.18,0.26,64.57,2.22,678.17,8.74,21.99,63.61,BIKAJI,2026-08-06
256.,Varroc Engineer,819.80,43.88,12525.37,0.18,77.70,27.94,2634.24,29.92,18.98,70.46,VARROC,2026-08-07
257.,Varun Beverages,440.10,43.95,148863.60,0.34,1525.36,15.47,8451.23,20.43,19.71,878.72,VBL,2026-07-29
258.,Berger Paints,463.95,44.07,54096.70,0.85,405.01,18.22,3583.75,11.97,21.55,335.25,BERGEPAINT,2026-08-06
259.,Algoquant Fin,70.28,44.18,1975.59,0.00,16.52,263.08,77.87,42.88,31.43,15.88,ALGOQUANT,2026-08-17
260.,Venus Pipes,2225.75,44.40,4610.89,0.04,26.41,6.66,320.54,15.97,21.27,25.50,VENUSPIPES,2026-08-11
261.,Thyrocare Tech.,512.75,45.17,8161.19,1.73,51.33,34.06,240.02,24.34,35.38,48.70,THYROCARE,2026-07-24
262.,Bata India,615.35,45.49,7908.89,4.05,63.98,15.88,978.95,3.94,12.74,2.21,BATAINDIA,2026-08-12
263.,Schaeffler India,3793.20,45.95,59289.13,0.93,336.73,13.67,2681.41,17.50,27.90,319.71,SCHAEFFLER,2026-07-23
264.,Foseco India,6379.95,46.13,4808.71,0.39,36.40,,231.41,,17.45,33.49,FOSECOIND,2026-08-14
265.,V-Mart Retail,805.90,46.27,6412.98,0.13,47.21,40.51,1088.81,23.00,13.23,11.28,VMART,2026-07-27
266.,Asian Paints,2365.50,46.52,226898.26,1.14,1559.45,39.96,10541.94,17.94,26.34,1185.49,ASIANPAINT,2026-07-30
267.,Suraksha Diagno.,319.85,46.52,1665.80,0.15,12.85,38.40,87.65,20.75,17.29,6.16,SURAKSHA,2026-08-13
268.,Kennametal India,4187.25,46.96,9202.85,0.95,88.80,183.71,477.60,47.68,33.21,51.40,KENNAMET,2026-08-14
269.,Kwality Pharma,3710.55,47.13,3850.12,0.00,25.62,114.75,162.35,45.63,24.08,25.31,KPL,2026-08-11
270.,Ingersoll-Rand,4128.80,47.46,13033.82,1.82,70.46,19.46,379.46,20.34,57.11,64.81,INGERRAND,2026-08-14
271.,Manorama Indust.,1998.35,47.77,12614.04,0.04,81.59,61.31,403.96,39.51,35.41,59.52,MANORAMA,2026-08-14
272.,Viyash Scientific,240.40,47.91,10616.75,0.00,79.29,103.59,946.36,19.54,13.42,66.38,VIYASH,2026-08-12
273.,Shree Cement,21730.00,48.06,78403.46,0.69,531.12,-17.66,6233.13,18.03,10.27,527.53,SHREECEM,2026-08-03
274.,BSE,3342.60,48.13,136339.37,0.30,872.66,65.70,1566.02,63.48,59.99,795.47,BSE,2026-08-05
275.,Mankind Pharma,2490.65,48.18,102875.08,0.04,574.09,29.60,4030.59,12.89,13.53,559.42,MANKIND,2026-07-31
276.,Beta Drugs Ltd,1994.80,48.54,2211.40,0.00,16.48,35.04,125.55,25.29,19.16,9.05,BETA,2026-07-21
277.,Titan Biotech,399.95,48.76,1652.54,0.13,10.86,58.31,59.17,27.25,22.76,6.73,524717,2026-08-14
278.,ADC India,2396.00,48.92,1102.16,1.04,8.58,72.64,63.42,40.59,31.44,3.51,523411,2026-08-13
279.,Mrs Bectors,211.80,50.28,6502.09,0.62,35.27,41.76,507.06,15.68,12.86,29.92,BECTORFOOD,2026-08-10
280.,KDDL Ltd,4010.40,50.30,4932.53,0.58,44.75,43.71,633.80,36.30,11.71,34.54,KDDL,2026-08-05
281.,R R Kabel,2725.95,50.38,30832.02,0.34,205.20,117.32,3168.20,53.90,28.10,167.90,RRKABEL,2026-07-28
282.,Stallion India,226.80,50.62,2632.82,0.00,18.57,79.25,121.45,9.94,11.76,10.93,STALLION,2026-08-13
283.,Novartis India,2017.00,50.98,4980.14,0.00,32.21,16.62,103.81,18.57,16.26,25.25,NOVARTIND,2026-07-24
284.,Century Plyboard,684.10,51.26,15198.87,0.15,83.30,54.84,1561.38,33.52,11.46,79.42,CENTURYPLY,2026-08-03
285.,Bliss GVS Pharma,671.05,51.85,7135.30,0.21,51.37,16.40,285.58,37.65,16.93,37.00,BLISSGVS,2026-08-13
286.,Vishal Mega Mart,99.90,52.45,46801.23,0.00,258.77,25.57,3727.01,18.68,15.18,167.92,VMM,2026-07-24
287.,Karamtara Engg.,419.20,52.55,13490.77,0.00,87.37,45.28,1580.93,72.29,23.41,38.16,KARAMTARA,2026-10-07
288.,Divgi Torq,1093.80,52.88,3345.16,0.28,25.24,182.64,137.14,91.32,10.22,15.48,DIVGIITTS,2026-08-12
289.,KSB,803.00,53.32,13975.33,0.55,57.20,-18.75,690.70,3.60,24.70,39.80,KSB,2026-08-05
290.,KMC Speciality,183.00,53.42,2984.75,0.00,16.57,119.76,91.78,37.91,26.24,14.63,KMCSHIL,2026-08-19
291.,Page Industries,37550.00,53.62,41882.81,1.48,192.81,-3.98,1420.45,7.89,64.39,178.73,PAGEIND,2026-08-14
292.,TVS Motor Co.,3920.90,53.80,186276.88,0.30,1057.61,67.11,16295.52,33.46,17.37,819.55,TVSMOTOR,2026-07-22
293.,Apollo Hospitals,7891.00,53.93,113460.52,0.25,610.40,34.17,7043.50,20.56,17.45,551.30,APOLLOHOSP,2026-08-13
294.,Metropolis Healt,542.50,54.10,11254.37,0.36,56.89,25.77,450.22,16.62,17.81,50.96,METROPOLIS,2026-08-05
295.,Marico,787.30,54.15,102364.98,0.50,652.00,25.00,3957.00,22.85,47.05,408.00,MARICO,2026-08-05
296.,Kapston Services,544.00,54.46,1655.51,0.00,8.49,39.18,220.13,15.74,15.18,7.52,KAPSTON,2026-08-11
297.,Fredun Pharma,1468.60,54.60,2428.73,0.02,13.17,94.53,228.25,90.45,21.49,11.07,FREDUN,2026-08-19
298.,Navin Fluo.Intl.,8492.60,54.78,43579.42,0.18,243.31,107.67,1045.08,44.07,20.96,212.62,NAVINFLUOR,2026-08-06
299.,Yatharth Hospit.,1036.40,55.03,9986.13,0.05,45.42,11.94,392.65,52.33,12.90,44.70,YATHARTH,2026-08-11
300.,Fineotex Chem,57.78,55.06,6728.56,0.23,48.21,54.78,376.63,174.77,18.30,43.80,FCL,2026-07-24
301.,Fortis Health.,779.60,55.14,58856.50,0.13,272.80,3.39,2545.03,17.46,13.45,271.19,FORTIS,2026-08-07
302.,Bosch,44430.20,55.44,131051.77,0.61,706.10,5.20,5841.90,22.00,21.54,570.00,BOSCHLTD,2026-08-11
303.,KSH Internationa,1073.00,55.53,7270.15,0.00,42.22,86.16,1164.24,108.38,21.46,34.53,KSHINTL,2026-08-11
304.,Asahi India Glas,977.35,55.81,24915.31,0.21,149.08,165.41,1413.39,15.03,11.49,132.61,ASAHIINDIA,2026-08-06
305.,Happy Forgings,1936.45,55.82,18280.26,0.20,91.46,39.23,449.42,27.03,18.03,83.56,HAPPYFORGE,2026-08-05
306.,SML Mahindra,6055.00,56.04,8761.55,0.38,63.62,-4.99,957.54,13.20,30.90,54.20,SMLMAH,2026-07-21
307.,Stove Kraft,824.00,56.08,2728.07,0.42,17.06,63.57,480.58,41.30,10.93,6.05,STOVEKRAFT,2026-08-04
308.,Craftsman Auto,10159.70,56.67,26572.07,0.11,150.55,99.22,2431.58,36.30,13.91,116.42,CRAFTSMAN,2026-07-30
309.,C D S L,1278.30,56.70,26716.47,0.99,117.67,14.80,292.76,13.10,31.98,79.79,CDSL,2026-08-03
310.,Pidilite Inds.,1487.40,57.18,151497.68,0.77,883.51,28.18,4551.55,21.27,31.02,584.15,PIDILITIND,2026-08-05
311.,Aditya Vision,620.75,57.21,8016.25,0.21,77.22,39.99,1192.68,26.85,17.08,21.73,AVL,2026-08-03
312.,Gufic BioScience,422.70,57.65,4238.93,0.02,22.46,86.08,260.82,14.94,12.17,20.57,GUFICBIO,2026-08-17
313.,Entero Healthcar,1718.50,57.94,7479.42,0.00,52.05,37.27,1940.50,38.23,10.47,45.13,ENTERO,2026-08-10
314.,Dr Lal Pathlabs,1945.60,58.10,32656.66,0.71,170.50,28.02,797.70,19.10,28.00,132.20,LALPATHLAB,2026-07-27
315.,Corona Remedies,2038.40,58.87,12466.85,0.49,60.10,29.53,422.43,21.90,33.29,45.05,CORONA,2026-08-03
316.,Shivalik Bimetal,1102.35,59.58,6350.01,0.35,33.01,44.07,182.20,33.38,26.57,26.05,SBCL,2026-08-07
317.,HDFC Life Insur.,545.95,59.97,118612.50,0.39,611.19,11.46,33758.51,14.58,10.30,497.49,HDFCLIFE,2026-07-16
318.,Tilaknagar Inds.,552.20,60.53,13688.87,0.18,31.59,-30.28,1046.03,155.67,11.45,-14.91,TI,2026-07-28
319.,Global Health,1296.30,60.90,34854.23,0.04,157.25,-0.18,1304.05,26.50,17.37,141.65,MEDANTA,2026-07-31
320.,Honasa Consumer,476.95,61.57,15549.74,0.64,90.45,118.36,755.95,27.00,19.22,69.44,HONASA,2026-08-14
321.,Elantas Beck,14038.15,62.66,11129.00,0.05,70.86,80.35,283.39,34.99,21.21,31.08,ELANTAS,2026-08-05
322.,Knowledge Marine,3220.10,63.07,8167.52,0.00,62.75,447.74,115.41,138.11,16.32,23.53,KMEW,2026-08-17
323.,Gretex Corporate,691.90,63.49,1730.12,0.10,12.80,1111.69,37.52,70.70,16.67,7.19,GCSL,2026-08-03
324.,Nupur Recyclers,160.14,64.46,1106.07,0.00,7.39,83.05,79.34,55.60,15.12,3.34,NRL,2026-09-21
325.,Sika Interplant,1060.00,64.86,2247.33,0.34,8.40,-18.84,42.86,-36.98,34.56,7.83,SIKA,2026-08-17
326.,Mobavenue AI Tech,294.35,65.00,2275.29,0.10,11.66,94.33,72.85,56.97,71.59,8.44,539682,2026-08-12
327.,Ethos,2619.60,66.38,7009.42,0.00,28.66,47.90,461.71,33.32,10.41,22.76,ETHOSLTD,2026-08-24
328.,Dhoot Transmission,1464.90,66.87,29964.29,0.00,132.68,36.89,1446.42,49.68,24.36,95.38,DHOOTTRANS,2026-09-07
329.,TBO Tek,1706.40,68.83,18529.40,0.00,83.36,47.12,925.78,81.07,18.33,60.10,TBOTEK,2026-07-30
330.,Lloyds Engineeri,101.03,70.02,15670.08,0.25,68.23,111.96,527.15,142.92,16.10,46.49,LLOYDSENGG,2026-08-07
331.,Hatsun Agro,1147.65,70.03,25563.72,0.87,133.69,-9.72,3090.49,21.92,15.19,50.89,HATSUN,2026-07-22
332.,Mufin Green,135.45,70.26,2684.15,0.00,14.01,240.88,76.87,60.11,10.74,11.09,MUFIN,2026-08-12
333.,OBSC Perfection,876.00,71.97,2264.07,0.00,9.47,88.27,77.31,84.73,19.52,8.66,OBSCP,2026-08-13
334.,PG Electroplast,523.95,72.99,15024.68,0.05,76.22,13.80,2033.96,35.25,10.32,64.86,PGEL,2026-08-07
335.,HFCL,273.70,73.19,41892.57,0.08,245.64,809.06,1914.98,119.85,10.76,184.45,HFCL,2026-07-23
336.,Tube Investments,2386.30,73.66,46192.19,0.14,293.96,-15.25,6215.33,17.07,17.14,234.01,TIINDIA,2026-08-17
337.,Nephrocare Health Services,640.85,75.74,6444.33,0.00,31.97,34.89,281.75,23.69,15.34,30.37,NEPHROPLUS,2026-08-12
338.,Avenue Super.,3627.40,77.38,236595.76,0.00,860.44,11.34,18794.53,14.88,17.18,656.42,DMART,2026-07-13
339.,Omnitech Engg.,655.70,77.97,8108.76,0.00,29.73,470.63,166.66,61.48,17.55,29.34,OMNI,2026-08-06
340.,Siemens Ener.Ind,3343.20,78.05,119058.12,0.12,440.90,67.83,2485.60,39.28,67.75,374.60,ENRIN,2026-08-07
341.,Kesar India,1127.00,78.36,3666.61,0.00,16.03,5625.00,171.00,1072.84,23.36,14.54,543542,2026-08-10
342.,3M India,30905.00,79.00,34829.94,0.52,233.07,-0.42,1423.21,19.00,50.01,215.34,3MINDIA,2026-08-17
343.,Shaily Engineer.,3088.00,79.86,14203.32,0.10,52.47,45.87,274.78,22.07,30.17,48.68,SHAILY,2026-08-10
344.,Torrent Pharma.,4690.00,79.96,178392.51,0.80,566.00,5.79,4921.00,54.85,15.19,364.00,TORNTPHARM,2026-07-31
345.,Jubilant Food.,462.10,80.01,30491.37,0.27,100.03,6.11,2569.65,13.66,14.80,82.42,JUBLFOOD,2026-08-14
346.,Vijaya Diagnost.,1461.00,80.23,15047.93,0.14,53.10,37.60,230.98,22.83,20.53,47.93,VIJAYA,2026-08-07
347.,GE Vernova T&D,4293.10,81.31,109924.87,0.24,362.99,24.65,1836.14,38.04,77.44,351.77,GVT&D,2026-08-06
348.,Shreeji Ship. Gl,803.95,81.97,13097.81,0.13,44.29,19.06,208.85,29.57,27.87,40.32,SHREEJISPG,2026-08-17
349.,Shukra Pharma.,67.93,83.19,2994.26,0.01,15.03,1359.22,23.52,336.36,36.98,-1.73,SHUKRAPHAR,2026-08-14
350.,Trent,2887.35,84.15,153962.85,0.14,518.07,20.79,5754.71,17.84,28.34,413.10,TRENT,2026-08-07
351.,Radico Khaitan,4510.10,85.08,60430.36,0.20,229.60,69.15,1683.69,11.80,24.15,179.46,RADICO,2026-07-29
352.,Divi's Lab.,9600.00,85.58,254849.75,0.31,902.00,65.50,3080.00,27.80,21.97,751.00,DIVISLAB,2026-08-03
353.,SBC Exports,61.75,86.66,2940.47,0.00,9.43,269.80,106.04,72.82,16.84,4.58,SBC,2026-08-13
354.,Rubicon Research,1578.40,90.59,26127.60,0.09,84.78,95.80,534.34,51.59,28.35,76.79,RUBICON,2026-08-17
355.,United Breweries,1186.20,90.76,31363.75,0.85,166.28,-9.54,3066.86,7.07,10.68,101.87,UBL,2026-08-05
356.,Solar Industries,20000.95,90.93,180988.74,0.05,666.37,92.66,3668.20,70.26,38.08,556.03,SOLARINDS,2026-08-14
357.,Gujarat Kidney,186.70,92.98,1471.97,0.00,5.32,7.02,34.29,124.71,14.48,4.82,GKSL,2026-08-17
358.,TD Power Systems,820.00,93.57,25724.00,0.13,86.29,72.34,640.05,72.10,34.02,72.19,TDPOWERSYS,2026-08-12
359.,Linde India,6098.15,94.79,52005.01,0.07,103.03,-1.94,694.36,21.59,18.23,85.20,LINDEINDIA,2026-08-12
360.,Monolithisch Ind,1267.05,95.69,2754.06,0.00,10.07,134.73,47.19,63.85,34.79,8.11,MONOLITH,2026-07-27
361.,Aether Industri.,1789.20,98.97,23747.71,0.00,62.75,27.98,326.56,27.25,11.92,54.01,AETHER,2026-08-03
362.,Standard Engineering Technology,429.30,100.08,8564.21,0.00,26.75,26.26,247.69,43.12,14.68,21.08,SETL,2026-08-07
363.,KRN Heat Exchan,1484.00,100.19,9713.99,0.00,32.90,164.90,252.32,118.88,15.98,23.36,KRN,2026-08-13
364.,Shadowfax Technologies,294.15,100.27,17264.84,0.00,66.20,624.29,1323.85,66.33,10.30,55.27,SHADOWFAX,2026-08-27
365.,Laurus Labs,2047.45,101.17,110626.19,0.10,362.07,125.49,2026.31,29.10,17.76,282.09,LAURUSLABS,2026-07-27
366.,Dr Agarwal's Hea,481.50,103.33,15264.86,0.00,55.02,50.52,614.02,25.97,10.90,49.96,AGARWALEYE,2026-08-05
367.,Manipal Health,699.00,103.86,91944.79,0.00,243.43,-7.86,3090.63,38.12,12.10,186.53,MANIPALHOS,2026-08-21
368.,Indo-MIM,1362.80,104.44,67387.92,0.00,240.12,31.64,1218.74,9.39,24.98,139.14,INDOMIM,2026-08-18
369.,Netweb Technol.,4686.20,106.98,27858.31,0.06,85.32,179.92,819.69,172.13,37.48,70.59,NETWEB,2026-07-29
370.,Inv.& Prec.Cast.,1600.00,107.14,1600.00,0.06,4.99,129.95,53.38,21.07,14.39,3.77,INVPRECQ,2026-08-14
371.,Aeroflex,564.80,111.30,7474.04,0.07,18.79,162.06,145.38,72.39,18.92,17.64,AEROFLEX,2026-07-28
372.,Sedemac Mechatro,3428.50,128.76,15143.92,0.00,33.31,95.14,309.77,42.51,35.31,32.08,SEDEMAC,2026-07-29
373.,Unimech Aero.,1855.50,131.19,9444.93,0.00,27.86,45.71,107.62,70.85,11.15,26.10,UNIMECH,2026-08-04
374.,Raghav Product.,1811.05,132.68,8316.71,0.05,19.57,67.55,86.91,48.72,30.30,15.16,RPEL,2026-07-16
375.,ASM Technologies,6910.00,138.03,10079.42,0.24,26.82,72.25,198.82,61.75,26.95,16.76,526433,2026-08-06
376.,MTAR Technologie,7895.00,176.88,24284.72,0.00,50.50,349.69,360.72,130.37,15.15,44.34,MTARTECH,2026-07-30
377.,Waterways Leisur,109.45,197.39,7923.60,0.00,22.77,-34.51,190.11,7.82,63.99,18.02,CORDELIA,2026-07-23
378.,Cupid,343.30,335.86,46162.21,0.00,44.16,194.01,156.99,142.49,33.88,36.26,CUPID,2026-08-10
379.,FSN E-Commerce,340.00,365.80,97385.94,0.00,79.76,243.10,2782.00,29.10,17.23,78.75,NYKAA,2026-08-05
380.,Laxmi Goldorna,213.02,658.71,1067.06,0.00,1.17,-41.44,37.44,30.73,10.08,-6.16,LGHL,2026-10-01
381.,Technvision Ven.,4229.45,885.36,2656.09,0.00,2.82,9300.00,73.58,29.95,13.57,-4.24,TECHNVISN,2026-08-14
382.,Symphony,557.90,984.88,3831.17,1.65,40.00,13.96,378.00,50.60,20.58,-218.00,SYMPHONY,2026-08-05
